residue,processed_CR1138_TS416_5
"""A1""",86.212
"""A2""",74.506
"""A3""",67.423
"""A4""",71.067
"""A5""",74.506
"""A6""",77.739
"""A7""",77.739
"""A8""",59.509
"""A9""",30.649
"""A10""",30.649
"""A11""",50.754
"""A12""",63.57
"""A13""",55.238
"""A14""",41.143
"""A15""",19.228
"""A16""",19.228
"""A17""",25.059
"""A18""",41.143
"""A19""",59.509
"""A20""",77.739
"""A21""",86.212
"""A22""",86.212
"""A23""",86.212
"""A24""",80.767
"""A25""",74.506
"""A26""",67.423
"""A27""",55.238
"""A28""",36.008
"""A29""",19.228
"""A30""",13.14
"""A31""",19.228
"""A32""",19.228
"""A33""",19.228
"""A34""",19.228
"""A35""",19.228
"""A36""",25.059
"""A37""",19.228
"""A38""",30.649
"""A39""",41.143
"""A40""",59.509
"""A41""",55.238
"""A42""",71.067
"""A43""",77.739
"""A44""",80.767
"""A45""",80.767
"""A46""",74.506
"""A47""",74.506
"""A48""",71.067
"""A49""",63.57
"""A50""",50.754
"""A51""",30.649
"""A52""",36.008
"""A53""",30.649
"""A54""",46.057
"""A55""",63.57
"""A56""",77.739
"""A57""",88.63
"""A58""",90.836
"""A59""",92.822
"""A60""",92.822
"""A61""",90.836
"""A62""",90.836
"""A63""",86.212
"""A64""",77.739
"""A65""",80.767
"""A66""",86.212
"""A67""",88.63
"""A68""",83.591
"""A69""",80.767
"""A70""",74.506
"""A71""",74.506
"""A72""",67.423
"""A73""",46.057
"""A74""",19.228
"""A75""",13.14
"""A76""",30.649
"""A77""",55.238
"""A78""",71.067
"""A79""",55.238
"""A80""",36.008
"""A81""",30.649
"""A82""",46.057
"""A83""",67.423
"""A84""",77.739
"""A85""",83.591
"""A86""",86.212
"""A87""",86.212
"""A88""",77.739
"""A89""",77.739
"""A90""",59.509
"""A91""",63.57
"""A92""",74.506
"""A93""",86.212
"""A94""",77.739
"""A95""",67.423
"""A96""",67.423
"""A97""",74.506
"""A98""",67.423
"""A99""",46.057
"""A100""",41.143
"""A101""",50.754
"""A102""",55.238
"""A103""",63.57
"""A104""",55.238
"""A105""",30.649
"""A106""",36.008
"""A107""",30.649
"""A108""",30.649
"""A109""",50.754
"""A110""",71.067
"""A111""",55.238
"""A112""",41.143
"""A113""",46.057
"""A114""",50.754
"""A115""",74.506
"""A116""",77.739
"""A117""",67.423
"""A118""",50.754
"""A119""",63.57
"""A120""",71.067
"""A121""",50.754
"""A122""",30.649
"""A123""",30.649
"""A124""",50.754
"""A125""",67.423
"""A126""",59.509
"""A127""",41.143
"""A128""",19.228
"""A129""",19.228
"""A130""",50.754
"""A131""",63.57
"""A132""",74.506
"""A133""",55.238
"""A134""",36.008
"""A135""",30.649
"""A136""",50.754
"""A137""",55.238
"""A138""",46.057
"""A139""",50.754
"""A140""",59.509
"""A141""",80.767
"""A142""",86.212
"""A143""",83.591
"""A144""",67.423
"""A145""",67.423
"""A146""",77.739
"""A147""",86.212
"""A148""",80.767
"""A149""",63.57
"""A150""",41.143
"""A151""",30.649
"""A152""",46.057
"""A153""",50.754
"""A154""",46.057
"""A155""",46.057
"""A156""",41.143
"""A157""",63.57
"""A158""",67.423
"""A159""",59.509
"""A160""",46.057
"""A161""",30.649
"""A162""",25.059
"""A163""",46.057
"""A164""",63.57
"""A165""",50.754
"""A166""",46.057
"""A167""",55.238
"""A168""",63.57
"""A169""",80.767
"""A170""",86.212
"""A171""",77.739
"""A172""",67.423
"""A173""",74.506
"""A174""",83.591
"""A175""",71.067
"""A176""",46.057
"""A177""",30.649
"""A178""",41.143
"""A179""",63.57
"""A180""",50.754
"""A181""",36.008
"""A182""",19.228
"""A183""",25.059
"""A184""",55.238
"""A185""",77.739
"""A186""",74.506
"""A187""",86.212
"""A188""",86.212
"""A189""",86.212
"""A190""",74.506
"""A191""",63.57
"""A192""",46.057
"""A193""",46.057
"""A194""",59.509
"""A195""",77.739
"""A196""",86.212
"""A197""",94.58
"""A198""",90.836
"""A199""",92.822
"""A200""",72.546
"""A201""",83.591
"""A202""",67.423
"""A203""",46.057
"""A204""",19.228
"""A205""",30.649
"""A206""",59.509
"""A207""",74.506
"""A208""",74.506
"""A209""",63.57
"""A210""",63.57
"""A211""",63.57
"""A212""",59.509
"""A213""",55.238
"""A214""",36.008
"""A215""",19.228
"""A216""",30.649
"""A217""",59.509
"""A218""",77.739
"""A219""",74.506
"""A220""",67.423
"""A221""",59.509
"""A222""",41.143
"""A223""",30.649
"""A224""",13.14
"""A225""",19.228
"""A226""",25.059
"""A227""",25.059
"""A228""",25.059
"""A229""",19.228
"""A230""",19.228
"""A231""",19.228
"""A232""",30.649
"""A233""",46.057
"""A234""",63.57
"""A235""",77.739
"""A236""",83.591
"""A237""",74.506
"""A238""",71.067
"""A239""",63.57
"""A240""",46.057
"""A241""",13.14
"""A242""",19.228
"""A243""",50.754
"""A244""",71.067
"""A245""",71.067
"""A246""",59.509
"""A247""",50.754
"""A248""",41.143
"""A249""",55.238
"""A250""",50.754
"""A251""",30.649
"""A252""",36.008
"""A253""",55.238
"""A254""",41.143
"""A255""",19.228
"""A256""",19.228
"""A257""",19.228
"""A258""",19.228
"""A259""",25.059
"""A260""",19.228
"""A261""",19.228
"""A262""",19.228
"""A263""",25.059
"""A264""",36.008
"""A265""",50.754
"""A266""",59.509
"""A267""",63.57
"""A268""",36.008
"""A269""",25.059
"""A270""",30.649
"""A271""",50.754
"""A272""",46.057
"""A273""",46.057
"""A274""",63.57
"""A275""",63.57
"""A276""",55.238
"""A277""",25.059
"""A278""",41.143
"""A279""",59.509
"""A280""",67.423
"""A281""",80.767
"""A282""",77.739
"""A283""",67.423
"""A284""",55.238
"""A285""",59.509
"""A286""",46.057
"""A287""",13.14
"""A288""",19.228
"""A289""",19.228
"""A290""",25.059
"""A291""",25.059
"""A292""",13.14
"""A293""",13.14
"""A294""",25.059
"""A295""",25.059
"""A296""",30.649
"""A297""",55.238
"""A298""",71.067
"""A299""",71.067
"""A300""",67.423
"""A301""",63.57
"""A302""",71.067
"""A303""",59.509
"""A304""",41.143
"""A305""",19.228
"""A306""",13.14
"""A307""",41.143
"""A308""",67.423
"""A309""",71.067
"""A310""",59.509
"""A311""",36.008
"""A312""",25.059
"""A313""",46.057
"""A314""",63.57
"""A315""",46.057
"""A316""",50.754
"""A317""",55.238
"""A318""",59.509
"""A319""",19.228
"""A320""",36.008
"""A321""",36.008
"""A322""",36.008
"""A323""",25.059
"""A324""",25.059
"""A325""",30.649
"""A326""",25.059
"""A327""",36.008
"""A328""",41.143
"""A329""",63.57
"""A330""",77.739
"""A331""",74.506
"""A332""",71.067
"""A333""",71.067
"""A334""",63.57
"""A335""",46.057
"""A336""",36.008
"""A337""",46.057
"""A338""",55.238
"""A339""",59.509
"""A340""",50.754
"""A341""",36.008
"""A342""",36.008
"""A343""",25.059
"""A344""",25.059
"""A345""",46.057
"""A346""",59.509
"""A347""",55.238
"""A348""",41.143
"""A349""",46.057
"""A350""",50.754
"""A351""",67.423
"""A352""",86.212
"""A353""",88.63
"""A354""",86.212
"""A355""",83.591
"""A356""",83.591
"""A357""",86.212
"""A358""",86.212
"""A359""",86.212
"""A360""",83.591
"""A361""",86.212
"""A362""",90.836
"""A363""",94.58
"""A364""",97.387
"""A365""",98.423
"""A366""",97.387
"""A367""",94.58
"""A368""",90.836
"""A369""",80.767
"""A370""",71.067
"""A371""",83.591
"""A372""",80.767
"""A373""",80.767
"""A374""",80.767
"""A375""",63.57
"""A376""",41.143
"""A377""",30.649
"""A378""",55.238
"""A379""",67.423
"""A380""",77.739
"""A381""",86.212
"""A382""",86.212
"""A383""",86.212
"""A384""",80.767
"""A385""",55.238
"""A386""",36.008
"""A387""",25.059
"""A388""",36.008
"""A389""",25.059
"""A390""",36.008
"""A391""",36.008
"""A392""",30.649
"""A393""",46.057
"""A394""",55.238
"""A395""",71.067
"""A396""",86.212
"""A397""",88.63
"""A398""",88.63
"""A399""",86.212
"""A400""",71.067
"""A401""",59.509
"""A402""",59.509
"""A403""",50.754
"""A404""",55.238
"""A405""",71.067
"""A406""",77.739
"""A407""",83.591
"""A408""",88.63
"""A409""",88.63
"""A410""",86.212
"""A411""",83.591
"""A412""",74.506
"""A413""",55.238
"""A414""",41.143
"""A415""",41.143
"""A416""",50.754
"""A417""",50.754
"""A418""",36.008
"""A419""",13.14
"""A420""",19.228
"""A421""",13.14
"""A422""",25.059
"""A423""",13.14
"""A424""",13.14
"""A425""",13.14
"""A426""",13.14
"""A427""",13.14
"""A428""",36.008
"""A429""",50.754
"""A430""",63.57
"""A431""",67.423
"""A432""",46.057
"""A433""",30.649
"""A434""",30.649
"""A435""",55.238
"""A436""",74.506
"""A437""",83.591
"""A438""",83.591
"""A439""",86.212
"""A440""",90.836
"""A441""",88.63
"""A442""",77.739
"""A443""",59.509
"""A444""",30.649
"""A445""",19.228
"""A446""",46.057
"""A447""",59.509
"""A448""",63.57
"""A449""",67.423
"""A450""",67.423
"""A451""",59.509
"""A452""",46.057
"""A453""",30.649
"""A454""",19.228
"""A455""",25.059
"""A456""",13.14
"""A457""",19.228
"""A458""",19.228
"""A459""",19.228
"""A460""",13.14
"""A461""",19.228
"""A462""",30.649
"""A463""",50.754
"""A464""",67.423
"""A465""",77.739
"""A466""",83.591
"""A467""",86.212
"""A468""",80.767
"""A469""",63.57
"""A470""",46.057
"""A471""",36.008
"""A472""",46.057
"""A473""",46.057
"""A474""",59.509
"""A475""",59.509
"""A476""",71.067
"""A477""",83.591
"""A478""",86.212
"""A479""",83.591
"""A480""",74.506
"""A481""",50.754
"""A482""",41.143
"""A483""",41.143
"""A484""",41.143
"""A485""",59.509
"""A486""",41.143
"""A487""",30.649
"""A488""",13.14
"""A489""",19.228
"""A490""",19.228
"""A491""",19.228
"""A492""",13.14
"""A493""",13.14
"""A494""",19.228
"""A495""",13.14
"""A496""",30.649
"""A497""",46.057
"""A498""",59.509
"""A499""",67.423
"""A500""",46.057
"""A501""",30.649
"""A502""",25.059
"""A503""",50.754
"""A504""",67.423
"""A505""",71.067
"""A506""",59.509
"""A507""",74.506
"""A508""",86.212
"""A509""",88.63
"""A510""",88.63
"""A511""",92.822
"""A512""",90.836
"""A513""",90.836
"""A514""",88.63
"""A515""",86.212
"""A516""",80.767
"""A517""",74.506
"""A518""",67.423
"""A519""",50.754
"""A520""",25.059
"""A521""",30.649
"""A522""",13.14
"""A523""",13.14
"""A524""",19.228
"""A525""",19.228
"""A526""",25.059
"""A527""",25.059
"""A528""",19.228
"""A529""",25.059
"""A530""",36.008
"""A531""",46.057
"""A532""",59.509
"""A533""",74.506
"""A534""",83.591
"""A535""",88.63
"""A536""",90.836
"""A537""",92.822
"""A538""",94.58
"""A539""",96.104
"""A540""",94.58
"""A541""",92.822
"""A542""",88.63
"""A543""",86.212
"""A544""",74.506
"""A545""",55.238
"""A546""",55.238
"""A547""",50.754
"""A548""",63.57
"""A549""",80.767
"""A550""",88.63
"""A551""",92.822
"""A552""",94.58
"""A553""",94.58
"""A554""",92.822
"""A555""",92.822
"""A556""",90.836
"""A557""",83.591
"""A558""",86.212
"""A559""",86.212
"""A560""",90.836
"""A561""",92.822
"""A562""",92.822
"""A563""",88.63
"""A564""",80.767
"""A565""",63.57
"""A566""",55.238
"""A567""",59.509
"""A568""",59.509
"""A569""",41.143
"""A570""",46.057
"""A571""",59.509
"""A572""",59.509
"""A573""",41.143
"""A574""",30.649
"""A575""",41.143
"""A576""",63.57
"""A577""",80.767
"""A578""",86.212
"""A579""",86.212
"""A580""",86.212
"""A581""",80.767
"""A582""",77.739
"""A583""",59.509
"""A584""",63.57
"""A585""",74.506
"""A586""",83.591
"""A587""",71.067
"""A588""",63.57
"""A589""",67.423
"""A590""",67.423
"""A591""",67.423
"""A592""",55.238
"""A593""",46.057
"""A594""",55.238
"""A595""",67.423
"""A596""",77.739
"""A597""",86.212
"""A598""",88.63
"""A599""",86.212
"""A600""",71.067
"""A601""",71.067
"""A602""",77.739
"""A603""",67.423
"""A604""",50.754
"""A605""",41.143
"""A606""",46.057
"""A607""",55.238
"""A608""",71.067
"""A609""",86.212
"""A610""",77.739
"""A611""",59.509
"""A612""",71.067
"""A613""",80.767
"""A614""",63.57
"""A615""",46.057
"""A616""",30.649
"""A617""",41.143
"""A618""",67.423
"""A619""",74.506
"""A620""",67.423
"""A621""",77.739
"""A622""",86.212
"""A623""",88.63
"""A624""",88.63
"""A625""",83.591
"""A626""",71.067
"""A627""",50.754
"""A628""",25.059
"""A629""",46.057
"""A630""",67.423
"""A631""",77.739
"""A632""",80.767
"""A633""",86.212
"""A634""",88.63
"""A635""",86.212
"""A636""",83.591
"""A637""",63.57
"""A638""",67.423
"""A639""",80.767
"""A640""",88.63
"""A641""",88.63
"""A642""",86.212
"""A643""",80.767
"""A644""",77.739
"""A645""",63.57
"""A646""",63.57
"""A647""",59.509
"""A648""",67.423
"""A649""",71.067
"""A650""",77.739
"""A651""",83.591
"""A652""",86.212
"""A653""",88.63
"""A654""",90.836
"""A655""",88.63
"""A656""",77.739
"""A657""",59.509
"""A658""",46.057
"""A659""",50.754
"""A660""",59.509
"""A661""",71.067
"""A662""",86.212
"""A663""",85.922
"""A664""",88.63
"""A665""",92.822
"""A666""",90.836
"""A667""",86.212
"""A668""",74.506
"""A669""",55.238
"""A670""",36.008
"""A671""",30.649
"""A672""",55.238
"""A673""",74.506
"""A674""",86.212
"""A675""",86.212
"""A676""",92.822
"""A677""",96.104
"""A678""",98.423
"""A679""",99.734
"""A680""",99.734
"""A681""",99.734
"""A682""",99.734
"""A683""",99.207
"""A684""",96.104
"""A685""",94.58
"""A686""",96.104
"""A687""",98.423
"""A688""",99.734
"""A689""",99.734
"""A690""",99.734
"""A691""",99.734
"""A692""",99.734
"""A693""",99.734
"""A694""",99.734
"""A695""",99.207
"""A696""",97.387
"""A697""",94.58
"""A698""",94.58
"""A699""",94.58
"""A700""",97.387
"""A701""",99.207
"""A702""",99.734
"""A703""",99.734
"""A704""",99.207
"""A705""",98.423
"""A706""",94.58
"""A707""",88.63
"""A708""",59.509
"""A709""",86.212
"""A710""",90.836
"""A711""",96.104
"""A712""",97.387
"""A713""",98.423
"""A714""",97.387
"""A715""",94.58
"""A716""",88.63
"""A717""",80.767
"""A718""",63.57
"""A719""",67.423
"""A720""",77.739
